{
  "english_only": true,
  "total_pages": 6647,
  "h2t_rouge5_all": 0.8076187620656797,
  "native_rouge5_all": 0.7465818672723732,
  "h2t_empty": 140,
  "native_empty": 140
}