{
  "model": "Qwen/Qwen3.5-27B",
  "pages": 200,
  "concurrency": 8,
  "rouge5_all": 0.6302745493166604,
  "rouge5_simple": 0.744511362601791,
  "rouge5_mid": 0.6206831439716188,
  "rouge5_hard": 0.530890080135421,
  "status_counts": {
    "ok": 155,
    "empty_recon": 1,
    "parse_fail": 38,
    "overflow": 6
  },
  "elapsed_sec": 831.689258813858
}