{
  "total_pages": 7809,
  "empty_count": 190,
  "rouge5_all": 0.7211736966093545,
  "rouge5_simple": 0.794448741730017,
  "rouge5_mid": 0.7249231138329174,
  "rouge5_hard": 0.6421094592426629
}