{
  "features": [
    "text_len",
    "word_count",
    "sentence_count",
    "comma_count",
    "avg_word_length",
    "stop_word_ratio",
    "capitalization_ratio",
    "has_date_pattern",
    "link_len",
    "link_count",
    "link_ratio",
    "tag_count",
    "paragraph_count",
    "heading_count",
    "list_item_count",
    "image_count",
    "text_to_tag_ratio",
    "class_id_score",
    "parent_class_id_score",
    "tag_type",
    "tag_type_score",
    "dom_depth",
    "position",
    "is_first_10pct",
    "is_last_10pct",
    "parent_tag_type",
    "semantic_ancestor",
    "prev_block_text_len",
    "prev_block_link_ratio",
    "next_block_text_len",
    "next_block_link_ratio",
    "blocks_since_heading",
    "blocks_until_heading",
    "section_heading_text_len",
    "section_block_count",
    "section_link_density",
    "page_total_blocks",
    "page_total_text_len",
    "page_total_link_ratio",
    "page_heading_count"
  ],
  "importance": {
    "link_ratio": 573107.9600781202,
    "page_total_blocks": 335052.7286580205,
    "parent_tag_type": 281769.15824747086,
    "page_total_link_ratio": 281371.0752155781,
    "tag_type": 243656.17941462994,
    "section_block_count": 234920.7150118351,
    "page_total_text_len": 214439.62759047747,
    "dom_depth": 141388.6645923853,
    "section_link_density": 130739.75081527233,
    "position": 114427.63991767168,
    "tag_type_score": 103079.97517037392,
    "section_heading_text_len": 100916.57431834936,
    "blocks_since_heading": 87766.98124110699,
    "word_count": 79896.82317644358,
    "next_block_link_ratio": 79302.48738461733,
    "prev_block_link_ratio": 77559.54679846764,
    "text_to_tag_ratio": 74149.96332138777,
    "semantic_ancestor": 67871.59499955177,
    "blocks_until_heading": 66373.48314851522,
    "page_heading_count": 65366.11811196804,
    "parent_class_id_score": 55010.77190679312,
    "next_block_text_len": 50025.95657533407,
    "link_count": 41951.144845068455,
    "text_len": 37833.84620988369,
    "tag_count": 35642.37665426731,
    "avg_word_length": 31808.44093298912,
    "prev_block_text_len": 31345.668976843357,
    "capitalization_ratio": 28449.773099899292,
    "link_len": 24348.236477315426,
    "sentence_count": 23210.02438533306,
    "comma_count": 16193.568547010422,
    "stop_word_ratio": 13939.202272951603,
    "class_id_score": 9964.166011691093,
    "image_count": 8488.815443336964,
    "paragraph_count": 5460.172466516495,
    "has_date_pattern": 4216.109466433525,
    "is_last_10pct": 3496.305691242218,
    "list_item_count": 3039.991826891899,
    "heading_count": 2026.2966009378433,
    "is_first_10pct": 689.6389058232307
  },
  "best_config": {
    "objective": "binary",
    "metric": "binary_logloss",
    "num_leaves": 127,
    "learning_rate": 0.05,
    "min_data_in_leaf": 20,
    "max_depth": -1,
    "feature_fraction": 0.8,
    "bagging_fraction": 0.8,
    "bagging_freq": 5,
    "scale_pos_weight": 0.6803424593094365
  },
  "best_rounds": 3083,
  "best_cv_loss": 0.06925
}